<?xml version="1.0" encoding="UTF-8"?>

<ValueSet xmlns="http://hl7.org/fhir">
  <id value="1.2.250.1.213.1.1.5.661"/>
  <meta>
    <versionId value="4"/>
    <lastUpdated value="2024-12-19T05:02:07.462+00:00"/>
    <profile value="http://hl7.org/fhir/StructureDefinition/shareablevalueset"/>
  </meta>
  <text>
    <status value="extensions"/><div xmlns="http://www.w3.org/1999/xhtml"><p class="res-header-id"><b>Generated Narrative: ValueSet 1.2.250.1.213.1.1.5.661</b></p><a name="1.2.250.1.213.1.1.5.661"> </a><a name="hc1.2.250.1.213.1.1.5.661"> </a><a name="1.2.250.1.213.1.1.5.661-fr-FR"> </a><div style="display: inline-block; background-color: #d9e0e7; padding: 6px; margin: 4px; border: 1px solid #8da1b4; border-radius: 5px; line-height: 60%"><p style="margin-bottom: 0px">version: 4; Last updated: 2024-12-19 05:02:07+0000</p><p style="margin-bottom: 0px">Profil: <a href="http://hl7.org/fhir/R4/shareablevalueset.html">Shareable ValueSet</a></p></div><ul><li>Include ces codes sont définis dans <a href="http://hl7.org/fhir/uv/ips/STU1.1/CodeSystem-absent-unknown-uv-ips.html"><code>http://hl7.org/fhir/uv/ips/CodeSystem/absent-unknown-uv-ips</code></a><table class="none"><tr><td style="white-space:nowrap"><b>Code</b></td><td><b>Display</b></td><td><b>Définition</b></td></tr><tr><td><a href="http://hl7.org/fhir/uv/ips/STU1.1/CodeSystem-absent-unknown-uv-ips.html#absent-unknown-uv-ips-no-allergy-info">no-allergy-info</a></td><td>Pas d’information sur les allergies/hypersensibilités</td><td>There is no information available regarding the subject's allergy conditions.</td></tr><tr><td><a href="http://hl7.org/fhir/uv/ips/STU1.1/CodeSystem-absent-unknown-uv-ips.html#absent-unknown-uv-ips-no-known-allergies">no-known-allergies</a></td><td>Pas d'allergie/hypersensibilité connue</td><td>The subject has no known allergy conditions.</td></tr><tr><td><a href="http://hl7.org/fhir/uv/ips/STU1.1/CodeSystem-absent-unknown-uv-ips.html#absent-unknown-uv-ips-no-known-medication-allergies">no-known-medication-allergies</a></td><td>Pas d'allergie médicamenteuse connue</td><td>The subject has no known medication allergy conditions.</td></tr><tr><td><a href="http://hl7.org/fhir/uv/ips/STU1.1/CodeSystem-absent-unknown-uv-ips.html#absent-unknown-uv-ips-no-known-environmental-allergies">no-known-environmental-allergies</a></td><td>Pas d'allergie environnementale connue</td><td>The subject has no known environmental allergy conditions.</td></tr><tr><td><a href="http://hl7.org/fhir/uv/ips/STU1.1/CodeSystem-absent-unknown-uv-ips.html#absent-unknown-uv-ips-no-known-food-allergies">no-known-food-allergies</a></td><td>Pas d'allergie alimentaire connue</td><td>The subject has no known food allergy conditions.</td></tr></table></li></ul></div>
  </text>
  <extension url="http://hl7.org/fhir/StructureDefinition/resource-effectivePeriod">
    <valuePeriod>
      <start value="2021-03-15T00:00:00+01:00"/>
    </valuePeriod>
  </extension>
  <url value="https://interop.esante.gouv.fr/ig/fhir/ig-test/ValueSet/1.2.250.1.213.1.1.5.661"/>
  <identifier>
    <system value="urn:ietf:rfc:3986"/>
    <value value="urn:oid:1.2.250.1.213.1.1.5.661"/>
  </identifier>
  <version value="0.1.0"/>
  <name value="JDV_AbsentOrUnknownAllergy_CISIS"/>
  <title value="JDV_AbsentOrUnknownAllergy_CISIS"/>
  <status value="active"/>
  <experimental value="false"/>
  <date value="2021-12-22T00:00:00+01:00"/>
  <publisher value="Agence du Numérique en Santé (ANS) - 2-10 Rue d'Oradour-sur-Glane, 75015 Paris"/>
  <contact>
    <name value="Agence du Numérique en Santé (ANS) - 2-10 Rue d'Oradour-sur-Glane, 75015 Paris"/>
    <telecom>
      <system value="url"/>
      <value value="https://esante.gouv.fr"/>
    </telecom>
  </contact>
  <description value="JDV_AbsentOrUnknownAllergy_CISIS"/>
  <jurisdiction>
    <coding>
      <system value="urn:iso:std:iso:3166"/>
      <code value="FR"/>
      <display value="FRANCE"/>
    </coding>
  </jurisdiction>
  <compose>
    <include>
      <system value="http://hl7.org/fhir/uv/ips/CodeSystem/absent-unknown-uv-ips"/>
      <concept>
        <code value="no-allergy-info"/>
        <display value="Pas d’information sur les allergies/hypersensibilités"/>
      </concept>
      <concept>
        <code value="no-known-allergies"/>
        <display value="Pas d'allergie/hypersensibilité connue"/>
      </concept>
      <concept>
        <code value="no-known-medication-allergies"/>
        <display value="Pas d'allergie médicamenteuse connue"/>
      </concept>
      <concept>
        <code value="no-known-environmental-allergies"/>
        <display value="Pas d'allergie environnementale connue"/>
      </concept>
      <concept>
        <code value="no-known-food-allergies"/>
        <display value="Pas d'allergie alimentaire connue"/>
      </concept>
    </include>
  </compose>
</ValueSet>