<?xml version="1.0" encoding="UTF-8"?><ValueSet xmlns="http://hl7.org/fhir"><id value="JDV-J15-ClasseAge-ROR"/><meta><versionId value="3"/><lastUpdated value="2024-04-27T05:06:50.688+00:00"/><profile value="http://hl7.org/fhir/StructureDefinition/shareablevalueset"/></meta><language value="fr-FR"/><text><status value="generated"/><div xmlns="http://www.w3.org/1999/xhtml" xml:lang="fr-FR" lang="fr-FR"><p class="res-header-id"><b>Generated Narrative: ValueSet JDV-J15-ClasseAge-ROR</b></p><a name="JDV-J15-ClasseAge-ROR"> </a><a name="hcJDV-J15-ClasseAge-ROR"> </a><a name="JDV-J15-ClasseAge-ROR-fr-FR"> </a><div style="display: inline-block; background-color: #d9e0e7; padding: 6px; margin: 4px; border: 1px solid #8da1b4; border-radius: 5px; line-height: 60%"><p style="margin-bottom: 0px">version: 3; Last updated: 2024-04-27 05:06:50+0000; Language: fr-FR</p><p style="margin-bottom: 0px">Profil: <a href="http://hl7.org/fhir/R4/shareablevalueset.html">Shareable ValueSet</a></p></div><ul><li>Include ces codes sont définis dans <a href="CodeSystem-TRE-R208-ClasseAge.html"><code>https://mos.esante.gouv.fr/NOS/TRE_R208-ClasseAge/FHIR/TRE-R208-ClasseAge</code></a><table class="none"><tr><td style="white-space:nowrap"><b>Code</b></td><td><b>Display</b></td></tr><tr><td><a href="CodeSystem-TRE-R208-ClasseAge.html#TRE-R208-ClasseAge-01">01</a></td><td>Nouveau né, jusqu'à 28 jours</td></tr><tr><td><a href="CodeSystem-TRE-R208-ClasseAge.html#TRE-R208-ClasseAge-02">02</a></td><td>Nourrisson, avant 2 ans</td></tr><tr><td><a href="CodeSystem-TRE-R208-ClasseAge.html#TRE-R208-ClasseAge-03">03</a></td><td>Enfant, avant 12 ans</td></tr><tr><td><a href="CodeSystem-TRE-R208-ClasseAge.html#TRE-R208-ClasseAge-04">04</a></td><td>Adolescent, avant 16 ans</td></tr><tr><td><a href="CodeSystem-TRE-R208-ClasseAge.html#TRE-R208-ClasseAge-05">05</a></td><td>Jeune adulte, 16-21 ans</td></tr><tr><td><a href="CodeSystem-TRE-R208-ClasseAge.html#TRE-R208-ClasseAge-06">06</a></td><td>Adulte, avant 65 ans</td></tr><tr><td><a href="CodeSystem-TRE-R208-ClasseAge.html#TRE-R208-ClasseAge-10">10</a></td><td>Sénior, 65-75 ans</td></tr><tr><td><a href="CodeSystem-TRE-R208-ClasseAge.html#TRE-R208-ClasseAge-11">11</a></td><td>Sénior, 75 ans et plus</td></tr></table></li></ul></div></text><extension url="http://hl7.org/fhir/StructureDefinition/resource-effectivePeriod"><valuePeriod><start value="2016-09-01T00:00:00+01:00"/></valuePeriod></extension><url value="https://mos.esante.gouv.fr/NOS/JDV_J15-ClasseAge-ROR/FHIR/JDV-J15-ClasseAge-ROR"/><identifier><system value="urn:ietf:rfc:3986"/><value value="urn:oid:1.2.250.1.213.3.4.3"/></identifier><version value="0.1.0"/><name value="JDV_J15_ClasseAge_ROR"/><status value="active"/><experimental value="false"/><date value="2020-04-24T12:00:00+01:00"/><publisher value="Agence du Numérique en Santé (ANS) - 2-10 Rue d'Oradour-sur-Glane, 75015 Paris"/><contact><name value="Agence du Numérique en Santé (ANS) - 2-10 Rue d'Oradour-sur-Glane, 75015 Paris"/><telecom><system value="url"/><value value="https://esante.gouv.fr"/></telecom></contact><description value="Classe d'âge - ROR"/><jurisdiction><coding><system value="urn:iso:std:iso:3166"/><code value="FR"/><display value="FRANCE"/></coding></jurisdiction><compose><include><system value="https://mos.esante.gouv.fr/NOS/TRE_R208-ClasseAge/FHIR/TRE-R208-ClasseAge"/><concept><code value="01"/><display value="Nouveau né, jusqu'à 28 jours"/></concept><concept><code value="02"/><display value="Nourrisson, avant 2 ans"/></concept><concept><code value="03"/><display value="Enfant, avant 12 ans"/></concept><concept><code value="04"/><display value="Adolescent, avant 16 ans"/></concept><concept><code value="05"/><display value="Jeune adulte, 16-21 ans"/></concept><concept><code value="06"/><display value="Adulte, avant 65 ans"/></concept><concept><code value="10"/><display value="Sénior, 65-75 ans"/></concept><concept><code value="11"/><display value="Sénior, 75 ans et plus"/></concept></include></compose></ValueSet>