{
  "resourceType" : "Bundle",
  "id" : "ebb448b3-18a0-496a-815b-52ed64c44d2d",
  "meta" : {
    "lastUpdated" : "2025-03-07T16:41:56.419+00:00"
  },
  "type" : "collection",
  "entry" : [{
    "fullUrl" : "https://interop.esante.gouv.fr/ig/fhir/ig-test/ValueSet/1.2.250.1.213.1.1.5.661",
    "resource" : {
      "resourceType" : "ValueSet",
      "meta" : {
        "versionId" : "4",
        "lastUpdated" : "2024-12-19T05:02:07.462+00:00",
        "profile" : ["http://hl7.org/fhir/StructureDefinition/shareablevalueset"]
      },
      "text" : {
        "status" : "generated",
        "div" : "<div xmlns=\"http://www.w3.org/1999/xhtml\"><p class=\"res-header-id\"><b>ValueSet </b></p><p style=\"border: black 1px dotted; background-color: #EEEEEE; padding: 8px; margin-bottom: 8px\">Expansion performed internally based on <a href=\"http://hl7.org/fhir/uv/ips/STU1.1/CodeSystem-absent-unknown-uv-ips.html\">codesystem Absent and Unknown Data - IPS v1.1.0 (CodeSystem)</a></p><p>Ce jeu de valeur (ValueSet) contient 5 concepts</p><table class=\"codes\"><tr><td style=\"white-space:nowrap\"><b>Code</b></td><td><b>Système</b></td><td><b>Display (fr-FR)</b></td><td><b>Définition</b></td></tr><tr><td style=\"white-space:nowrap\"><a name=\"x-http://hl7.org/fhir/uv/ips/CodeSystem/absent-unknown-uv-ips-no-allergy-info\"> </a>\u00a0\u00a0<a href=\"http://hl7.org/fhir/uv/ips/STU1.1/CodeSystem-absent-unknown-uv-ips.html#absent-unknown-uv-ips-no-allergy-info\">no-allergy-info</a></td><td>http://hl7.org/fhir/uv/ips/CodeSystem/absent-unknown-uv-ips</td><td>Nessuna informazione sulle allergie</td><td><div><p>There is no information available regarding the subject's allergy conditions.</p>\n</div></td></tr><tr><td style=\"white-space:nowrap\"><a name=\"x-http://hl7.org/fhir/uv/ips/CodeSystem/absent-unknown-uv-ips-no-known-allergies\"> </a>\u00a0\u00a0<a href=\"http://hl7.org/fhir/uv/ips/STU1.1/CodeSystem-absent-unknown-uv-ips.html#absent-unknown-uv-ips-no-known-allergies\">no-known-allergies</a></td><td>http://hl7.org/fhir/uv/ips/CodeSystem/absent-unknown-uv-ips</td><td>Nessuna allergia nota</td><td><div><p>The subject has no known allergy conditions.</p>\n</div></td></tr><tr><td style=\"white-space:nowrap\"><a name=\"x-http://hl7.org/fhir/uv/ips/CodeSystem/absent-unknown-uv-ips-no-known-medication-allergies\"> </a>\u00a0\u00a0<a href=\"http://hl7.org/fhir/uv/ips/STU1.1/CodeSystem-absent-unknown-uv-ips.html#absent-unknown-uv-ips-no-known-medication-allergies\">no-known-medication-allergies</a></td><td>http://hl7.org/fhir/uv/ips/CodeSystem/absent-unknown-uv-ips</td><td>Nessuna allergia ai farmaci nota</td><td><div><p>The subject has no known medication allergy conditions.</p>\n</div></td></tr><tr><td style=\"white-space:nowrap\"><a name=\"x-http://hl7.org/fhir/uv/ips/CodeSystem/absent-unknown-uv-ips-no-known-environmental-allergies\"> </a>\u00a0\u00a0<a href=\"http://hl7.org/fhir/uv/ips/STU1.1/CodeSystem-absent-unknown-uv-ips.html#absent-unknown-uv-ips-no-known-environmental-allergies\">no-known-environmental-allergies</a></td><td>http://hl7.org/fhir/uv/ips/CodeSystem/absent-unknown-uv-ips</td><td>Nessuna allergia nota ad allergeni ambientali</td><td><div><p>The subject has no known environmental allergy conditions.</p>\n</div></td></tr><tr><td style=\"white-space:nowrap\"><a name=\"x-http://hl7.org/fhir/uv/ips/CodeSystem/absent-unknown-uv-ips-no-known-food-allergies\"> </a>\u00a0\u00a0<a href=\"http://hl7.org/fhir/uv/ips/STU1.1/CodeSystem-absent-unknown-uv-ips.html#absent-unknown-uv-ips-no-known-food-allergies\">no-known-food-allergies</a></td><td>http://hl7.org/fhir/uv/ips/CodeSystem/absent-unknown-uv-ips</td><td>Nessuna allergia alimentare nota</td><td><div><p>The subject has no known food allergy conditions.</p>\n</div></td></tr></table></div>"
      },
      "url" : "https://interop.esante.gouv.fr/ig/fhir/ig-test/ValueSet/1.2.250.1.213.1.1.5.661",
      "identifier" : [{
        "system" : "urn:ietf:rfc:3986",
        "value" : "urn:oid:1.2.250.1.213.1.1.5.661"
      }],
      "version" : "0.1.0",
      "name" : "JDV_AbsentOrUnknownAllergy_CISIS",
      "title" : "JDV_AbsentOrUnknownAllergy_CISIS",
      "status" : "active",
      "experimental" : false,
      "date" : "2021-12-22T00:00:00+01:00",
      "jurisdiction" : [{
        "coding" : [{
          "system" : "urn:iso:std:iso:3166",
          "code" : "FR",
          "display" : "FRANCE"
        }]
      }],
      "expansion" : {
        "identifier" : "urn:uuid:80e70805-357a-4079-b998-29986fc30702",
        "timestamp" : "2025-03-07T16:42:03+00:00",
        "total" : 5,
        "offset" : 0,
        "parameter" : [{
          "name" : "displayLanguage",
          "valueCode" : "fr-FR"
        },
        {
          "name" : "count",
          "valueInteger" : 1000
        },
        {
          "name" : "offset",
          "valueInteger" : 0
        },
        {
          "name" : "excludeNested",
          "valueBoolean" : false
        },
        {
          "name" : "used-codesystem",
          "valueUri" : "http://hl7.org/fhir/uv/ips/CodeSystem/absent-unknown-uv-ips|1.1.0"
        }],
        "contains" : [{
          "system" : "http://hl7.org/fhir/uv/ips/CodeSystem/absent-unknown-uv-ips",
          "code" : "no-allergy-info",
          "display" : "Nessuna informazione sulle allergie"
        },
        {
          "system" : "http://hl7.org/fhir/uv/ips/CodeSystem/absent-unknown-uv-ips",
          "code" : "no-known-allergies",
          "display" : "Nessuna allergia nota"
        },
        {
          "system" : "http://hl7.org/fhir/uv/ips/CodeSystem/absent-unknown-uv-ips",
          "code" : "no-known-medication-allergies",
          "display" : "Nessuna allergia ai farmaci nota"
        },
        {
          "system" : "http://hl7.org/fhir/uv/ips/CodeSystem/absent-unknown-uv-ips",
          "code" : "no-known-environmental-allergies",
          "display" : "Nessuna allergia nota ad allergeni ambientali"
        },
        {
          "system" : "http://hl7.org/fhir/uv/ips/CodeSystem/absent-unknown-uv-ips",
          "code" : "no-known-food-allergies",
          "display" : "Nessuna allergia alimentare nota"
        }]
      }
    }
  },
  {
    "fullUrl" : "https://mos.esante.gouv.fr/NOS/JDV_J15-ClasseAge-ROR/FHIR/JDV-J15-ClasseAge-ROR",
    "resource" : {
      "resourceType" : "ValueSet",
      "meta" : {
        "versionId" : "3",
        "lastUpdated" : "2024-04-27T05:06:50.688+00:00",
        "profile" : ["http://hl7.org/fhir/StructureDefinition/shareablevalueset"]
      },
      "text" : {
        "status" : "generated",
        "div" : "<div xmlns=\"http://www.w3.org/1999/xhtml\"><p class=\"res-header-id\"><b>ValueSet </b></p><p style=\"border: black 1px dotted; background-color: #EEEEEE; padding: 8px; margin-bottom: 8px\">Expansion performed internally based on <a href=\"CodeSystem-TRE-R208-ClasseAge.html\">codesystem TRE_R208_ClasseAge v0.1.0 (CodeSystem)</a></p><p>Ce jeu de valeur (ValueSet) contient 8 concepts</p><table class=\"codes\"><tr><td style=\"white-space:nowrap\"><b>Code</b></td><td><b>Système</b></td><td><b>Display (fr-FR)</b></td></tr><tr><td style=\"white-space:nowrap\"><a name=\"x-https://mos.esante.gouv.fr/NOS/TRE_R208-ClasseAge/FHIR/TRE-R208-ClasseAge-01\"> </a>\u00a0\u00a0<a href=\"CodeSystem-TRE-R208-ClasseAge.html#TRE-R208-ClasseAge-01\">01</a></td><td>https://mos.esante.gouv.fr/NOS/TRE_R208-ClasseAge/FHIR/TRE-R208-ClasseAge</td><td>Nouveau né, &lt;= 28 jr</td></tr><tr><td style=\"white-space:nowrap\"><a name=\"x-https://mos.esante.gouv.fr/NOS/TRE_R208-ClasseAge/FHIR/TRE-R208-ClasseAge-02\"> </a>\u00a0\u00a0<a href=\"CodeSystem-TRE-R208-ClasseAge.html#TRE-R208-ClasseAge-02\">02</a></td><td>https://mos.esante.gouv.fr/NOS/TRE_R208-ClasseAge/FHIR/TRE-R208-ClasseAge</td><td>Nourrisson, &lt; 2 ans</td></tr><tr><td style=\"white-space:nowrap\"><a name=\"x-https://mos.esante.gouv.fr/NOS/TRE_R208-ClasseAge/FHIR/TRE-R208-ClasseAge-03\"> </a>\u00a0\u00a0<a href=\"CodeSystem-TRE-R208-ClasseAge.html#TRE-R208-ClasseAge-03\">03</a></td><td>https://mos.esante.gouv.fr/NOS/TRE_R208-ClasseAge/FHIR/TRE-R208-ClasseAge</td><td>Enfant, &lt; 12 ans</td></tr><tr><td style=\"white-space:nowrap\"><a name=\"x-https://mos.esante.gouv.fr/NOS/TRE_R208-ClasseAge/FHIR/TRE-R208-ClasseAge-04\"> </a>\u00a0\u00a0<a href=\"CodeSystem-TRE-R208-ClasseAge.html#TRE-R208-ClasseAge-04\">04</a></td><td>https://mos.esante.gouv.fr/NOS/TRE_R208-ClasseAge/FHIR/TRE-R208-ClasseAge</td><td>Adolescent, &lt; 16 ans</td></tr><tr><td style=\"white-space:nowrap\"><a name=\"x-https://mos.esante.gouv.fr/NOS/TRE_R208-ClasseAge/FHIR/TRE-R208-ClasseAge-05\"> </a>\u00a0\u00a0<a href=\"CodeSystem-TRE-R208-ClasseAge.html#TRE-R208-ClasseAge-05\">05</a></td><td>https://mos.esante.gouv.fr/NOS/TRE_R208-ClasseAge/FHIR/TRE-R208-ClasseAge</td><td>Adulte, 16-21 ans</td></tr><tr><td style=\"white-space:nowrap\"><a name=\"x-https://mos.esante.gouv.fr/NOS/TRE_R208-ClasseAge/FHIR/TRE-R208-ClasseAge-06\"> </a>\u00a0\u00a0<a href=\"CodeSystem-TRE-R208-ClasseAge.html#TRE-R208-ClasseAge-06\">06</a></td><td>https://mos.esante.gouv.fr/NOS/TRE_R208-ClasseAge/FHIR/TRE-R208-ClasseAge</td><td>Adulte, &lt; 65 ans</td></tr><tr><td style=\"white-space:nowrap\"><a name=\"x-https://mos.esante.gouv.fr/NOS/TRE_R208-ClasseAge/FHIR/TRE-R208-ClasseAge-10\"> </a>\u00a0\u00a0<a href=\"CodeSystem-TRE-R208-ClasseAge.html#TRE-R208-ClasseAge-10\">10</a></td><td>https://mos.esante.gouv.fr/NOS/TRE_R208-ClasseAge/FHIR/TRE-R208-ClasseAge</td><td/></tr><tr><td style=\"white-space:nowrap\"><a name=\"x-https://mos.esante.gouv.fr/NOS/TRE_R208-ClasseAge/FHIR/TRE-R208-ClasseAge-11\"> </a>\u00a0\u00a0<a href=\"CodeSystem-TRE-R208-ClasseAge.html#TRE-R208-ClasseAge-11\">11</a></td><td>https://mos.esante.gouv.fr/NOS/TRE_R208-ClasseAge/FHIR/TRE-R208-ClasseAge</td><td>Sénior, &gt; 75 ans</td></tr></table></div>"
      },
      "url" : "https://mos.esante.gouv.fr/NOS/JDV_J15-ClasseAge-ROR/FHIR/JDV-J15-ClasseAge-ROR",
      "identifier" : [{
        "system" : "urn:ietf:rfc:3986",
        "value" : "urn:oid:1.2.250.1.213.3.4.3"
      }],
      "version" : "0.1.0",
      "name" : "JDV_J15_ClasseAge_ROR",
      "status" : "active",
      "experimental" : false,
      "date" : "2020-04-24T12:00:00+01:00",
      "jurisdiction" : [{
        "coding" : [{
          "system" : "urn:iso:std:iso:3166",
          "code" : "FR",
          "display" : "FRANCE"
        }]
      }],
      "expansion" : {
        "identifier" : "urn:uuid:25ed7564-2e6a-4773-8e19-4e4abea6743b",
        "timestamp" : "2025-03-07T16:42:03+00:00",
        "total" : 8,
        "offset" : 0,
        "parameter" : [{
          "name" : "displayLanguage",
          "valueCode" : "fr-FR"
        },
        {
          "name" : "count",
          "valueInteger" : 1000
        },
        {
          "name" : "offset",
          "valueInteger" : 0
        },
        {
          "name" : "excludeNested",
          "valueBoolean" : false
        },
        {
          "name" : "used-codesystem",
          "valueUri" : "https://mos.esante.gouv.fr/NOS/TRE_R208-ClasseAge/FHIR/TRE-R208-ClasseAge|0.1.0"
        }],
        "contains" : [{
          "system" : "https://mos.esante.gouv.fr/NOS/TRE_R208-ClasseAge/FHIR/TRE-R208-ClasseAge",
          "code" : "01",
          "display" : "Nouveau né, <= 28 jr"
        },
        {
          "system" : "https://mos.esante.gouv.fr/NOS/TRE_R208-ClasseAge/FHIR/TRE-R208-ClasseAge",
          "code" : "02",
          "display" : "Nourrisson, < 2 ans"
        },
        {
          "system" : "https://mos.esante.gouv.fr/NOS/TRE_R208-ClasseAge/FHIR/TRE-R208-ClasseAge",
          "code" : "03",
          "display" : "Enfant, < 12 ans"
        },
        {
          "system" : "https://mos.esante.gouv.fr/NOS/TRE_R208-ClasseAge/FHIR/TRE-R208-ClasseAge",
          "code" : "04",
          "display" : "Adolescent, < 16 ans"
        },
        {
          "system" : "https://mos.esante.gouv.fr/NOS/TRE_R208-ClasseAge/FHIR/TRE-R208-ClasseAge",
          "code" : "05",
          "display" : "Adulte, 16-21 ans"
        },
        {
          "system" : "https://mos.esante.gouv.fr/NOS/TRE_R208-ClasseAge/FHIR/TRE-R208-ClasseAge",
          "code" : "06",
          "display" : "Adulte, < 65 ans"
        },
        {
          "system" : "https://mos.esante.gouv.fr/NOS/TRE_R208-ClasseAge/FHIR/TRE-R208-ClasseAge",
          "code" : "10"
        },
        {
          "system" : "https://mos.esante.gouv.fr/NOS/TRE_R208-ClasseAge/FHIR/TRE-R208-ClasseAge",
          "code" : "11",
          "display" : "Sénior, > 75 ans"
        }]
      }
    }
  }]
}