{
  "resourceType" : "Bundle",
  "id" : "f6d3e7d9-500a-4e05-b59c-434340175431",
  "meta" : {
    "lastUpdated" : "2025-03-07T16:36:04.344+00:00"
  },
  "type" : "collection",
  "entry" : [{
    "fullUrl" : "https://mos.esante.gouv.fr/NOS/JDV_J15-ClasseAge-ROR/FHIR/JDV-J15-ClasseAge-ROR",
    "resource" : {
      "resourceType" : "ValueSet",
      "meta" : {
        "versionId" : "3",
        "lastUpdated" : "2024-04-27T05:06:50.688+00:00",
        "profile" : ["http://hl7.org/fhir/StructureDefinition/shareablevalueset"]
      },
      "text" : {
        "status" : "generated",
        "div" : "<div xmlns=\"http://www.w3.org/1999/xhtml\"><p class=\"res-header-id\"><b>ValueSet </b></p><p style=\"border: black 1px dotted; background-color: #EEEEEE; padding: 8px; margin-bottom: 8px\">Expansion performed internally based on <a href=\"CodeSystem-TRE-R208-ClasseAge.html\">codesystem TRE_R208_ClasseAge v0.1.0 (CodeSystem)</a></p><p>Ce jeu de valeur (ValueSet) contient 8 concepts</p><table class=\"codes\"><tr><td style=\"white-space:nowrap\"><b>Code</b></td><td><b>Système</b></td><td><b>Display (fr-FR)</b></td></tr><tr><td style=\"white-space:nowrap\"><a name=\"x-https://mos.esante.gouv.fr/NOS/TRE_R208-ClasseAge/FHIR/TRE-R208-ClasseAge-01\"> </a>\u00a0\u00a0<a href=\"CodeSystem-TRE-R208-ClasseAge.html#TRE-R208-ClasseAge-01\">01</a></td><td>https://mos.esante.gouv.fr/NOS/TRE_R208-ClasseAge/FHIR/TRE-R208-ClasseAge</td><td>Nouveau né, &lt;= 28 jr</td></tr><tr><td style=\"white-space:nowrap\"><a name=\"x-https://mos.esante.gouv.fr/NOS/TRE_R208-ClasseAge/FHIR/TRE-R208-ClasseAge-02\"> </a>\u00a0\u00a0<a href=\"CodeSystem-TRE-R208-ClasseAge.html#TRE-R208-ClasseAge-02\">02</a></td><td>https://mos.esante.gouv.fr/NOS/TRE_R208-ClasseAge/FHIR/TRE-R208-ClasseAge</td><td>Nourrisson, &lt; 2 ans</td></tr><tr><td style=\"white-space:nowrap\"><a name=\"x-https://mos.esante.gouv.fr/NOS/TRE_R208-ClasseAge/FHIR/TRE-R208-ClasseAge-03\"> </a>\u00a0\u00a0<a href=\"CodeSystem-TRE-R208-ClasseAge.html#TRE-R208-ClasseAge-03\">03</a></td><td>https://mos.esante.gouv.fr/NOS/TRE_R208-ClasseAge/FHIR/TRE-R208-ClasseAge</td><td>Enfant, &lt; 12 ans</td></tr><tr><td style=\"white-space:nowrap\"><a name=\"x-https://mos.esante.gouv.fr/NOS/TRE_R208-ClasseAge/FHIR/TRE-R208-ClasseAge-04\"> </a>\u00a0\u00a0<a href=\"CodeSystem-TRE-R208-ClasseAge.html#TRE-R208-ClasseAge-04\">04</a></td><td>https://mos.esante.gouv.fr/NOS/TRE_R208-ClasseAge/FHIR/TRE-R208-ClasseAge</td><td>Adolescent, &lt; 16 ans</td></tr><tr><td style=\"white-space:nowrap\"><a name=\"x-https://mos.esante.gouv.fr/NOS/TRE_R208-ClasseAge/FHIR/TRE-R208-ClasseAge-05\"> </a>\u00a0\u00a0<a href=\"CodeSystem-TRE-R208-ClasseAge.html#TRE-R208-ClasseAge-05\">05</a></td><td>https://mos.esante.gouv.fr/NOS/TRE_R208-ClasseAge/FHIR/TRE-R208-ClasseAge</td><td>Adulte, 16-21 ans</td></tr><tr><td style=\"white-space:nowrap\"><a name=\"x-https://mos.esante.gouv.fr/NOS/TRE_R208-ClasseAge/FHIR/TRE-R208-ClasseAge-06\"> </a>\u00a0\u00a0<a href=\"CodeSystem-TRE-R208-ClasseAge.html#TRE-R208-ClasseAge-06\">06</a></td><td>https://mos.esante.gouv.fr/NOS/TRE_R208-ClasseAge/FHIR/TRE-R208-ClasseAge</td><td>Adulte, &lt; 65 ans</td></tr><tr><td style=\"white-space:nowrap\"><a name=\"x-https://mos.esante.gouv.fr/NOS/TRE_R208-ClasseAge/FHIR/TRE-R208-ClasseAge-10\"> </a>\u00a0\u00a0<a href=\"CodeSystem-TRE-R208-ClasseAge.html#TRE-R208-ClasseAge-10\">10</a></td><td>https://mos.esante.gouv.fr/NOS/TRE_R208-ClasseAge/FHIR/TRE-R208-ClasseAge</td><td/></tr><tr><td style=\"white-space:nowrap\"><a name=\"x-https://mos.esante.gouv.fr/NOS/TRE_R208-ClasseAge/FHIR/TRE-R208-ClasseAge-11\"> </a>\u00a0\u00a0<a href=\"CodeSystem-TRE-R208-ClasseAge.html#TRE-R208-ClasseAge-11\">11</a></td><td>https://mos.esante.gouv.fr/NOS/TRE_R208-ClasseAge/FHIR/TRE-R208-ClasseAge</td><td>Sénior, &gt; 75 ans</td></tr></table></div>"
      },
      "url" : "https://mos.esante.gouv.fr/NOS/JDV_J15-ClasseAge-ROR/FHIR/JDV-J15-ClasseAge-ROR",
      "identifier" : [{
        "system" : "urn:ietf:rfc:3986",
        "value" : "urn:oid:1.2.250.1.213.3.4.3"
      }],
      "version" : "0.1.0",
      "name" : "JDV_J15_ClasseAge_ROR",
      "status" : "active",
      "experimental" : false,
      "date" : "2020-04-24T12:00:00+01:00",
      "jurisdiction" : [{
        "coding" : [{
          "system" : "urn:iso:std:iso:3166",
          "code" : "FR",
          "display" : "FRANCE"
        }]
      }],
      "expansion" : {
        "identifier" : "urn:uuid:ae0766d3-3fd7-4c6c-b7a9-3c1146322059",
        "timestamp" : "2025-03-07T16:36:10+00:00",
        "total" : 8,
        "offset" : 0,
        "parameter" : [{
          "name" : "displayLanguage",
          "valueCode" : "fr-FR"
        },
        {
          "name" : "count",
          "valueInteger" : 1000
        },
        {
          "name" : "offset",
          "valueInteger" : 0
        },
        {
          "name" : "excludeNested",
          "valueBoolean" : false
        },
        {
          "name" : "used-codesystem",
          "valueUri" : "https://mos.esante.gouv.fr/NOS/TRE_R208-ClasseAge/FHIR/TRE-R208-ClasseAge|0.1.0"
        }],
        "contains" : [{
          "system" : "https://mos.esante.gouv.fr/NOS/TRE_R208-ClasseAge/FHIR/TRE-R208-ClasseAge",
          "code" : "01",
          "display" : "Nouveau né, <= 28 jr"
        },
        {
          "system" : "https://mos.esante.gouv.fr/NOS/TRE_R208-ClasseAge/FHIR/TRE-R208-ClasseAge",
          "code" : "02",
          "display" : "Nourrisson, < 2 ans"
        },
        {
          "system" : "https://mos.esante.gouv.fr/NOS/TRE_R208-ClasseAge/FHIR/TRE-R208-ClasseAge",
          "code" : "03",
          "display" : "Enfant, < 12 ans"
        },
        {
          "system" : "https://mos.esante.gouv.fr/NOS/TRE_R208-ClasseAge/FHIR/TRE-R208-ClasseAge",
          "code" : "04",
          "display" : "Adolescent, < 16 ans"
        },
        {
          "system" : "https://mos.esante.gouv.fr/NOS/TRE_R208-ClasseAge/FHIR/TRE-R208-ClasseAge",
          "code" : "05",
          "display" : "Adulte, 16-21 ans"
        },
        {
          "system" : "https://mos.esante.gouv.fr/NOS/TRE_R208-ClasseAge/FHIR/TRE-R208-ClasseAge",
          "code" : "06",
          "display" : "Adulte, < 65 ans"
        },
        {
          "system" : "https://mos.esante.gouv.fr/NOS/TRE_R208-ClasseAge/FHIR/TRE-R208-ClasseAge",
          "code" : "10"
        },
        {
          "system" : "https://mos.esante.gouv.fr/NOS/TRE_R208-ClasseAge/FHIR/TRE-R208-ClasseAge",
          "code" : "11",
          "display" : "Sénior, > 75 ans"
        }]
      }
    }
  }]
}