<?xml version="1.0" encoding="UTF-8"?>

<CodeSystem xmlns="http://hl7.org/fhir">
  <id value="TRE-R208-ClasseAge"/>
  <meta>
    <versionId value="4"/>
    <lastUpdated value="2024-08-28T05:12:17.232+00:00"/>
    <profile value="http://hl7.org/fhir/StructureDefinition/shareablecodesystem"/>
  </meta>
  <text>
    <status value="generated"/><div xmlns="http://www.w3.org/1999/xhtml"><p class="res-header-id"><b>Generated Narrative: CodeSystem TRE-R208-ClasseAge</b></p><a name="TRE-R208-ClasseAge"> </a><a name="hcTRE-R208-ClasseAge"> </a><a name="TRE-R208-ClasseAge-fr-FR"> </a><div style="display: inline-block; background-color: #d9e0e7; padding: 6px; margin: 4px; border: 1px solid #8da1b4; border-radius: 5px; line-height: 60%"><p style="margin-bottom: 0px">version: 4; Last updated: 2024-08-28 05:12:17+0000</p><p style="margin-bottom: 0px">Profil: <a href="http://hl7.org/fhir/R4/shareablecodesystem.html">Shareable CodeSystem</a></p></div><p><b>Propriétés</b></p><p><b>Cette terminologie de référence (CodeSystem) définit les propriétés suivantes pour ses concepts</b></p><table class="grid"><tr><td><b>Nom</b></td><td><b>Code</b></td><td><b>Type</b></td><td><b>Description</b></td></tr><tr><td>dateValid</td><td>dateValid</td><td>dateTime</td><td>date de validité d'un code concept</td></tr><tr><td>dateMaj</td><td>dateMaj</td><td>dateTime</td><td>Date de mise à jour d'un code concept</td></tr><tr><td>dateFin</td><td>dateFin</td><td>dateTime</td><td>Date de fin d'exploitation d'un code concept</td></tr></table><p><b>Concepts</b></p><p>This case-insensitive code system <code>https://mos.esante.gouv.fr/NOS/TRE_R208-ClasseAge/FHIR/TRE-R208-ClasseAge</code> defines the following codes:</p><table class="codes"><tr><td style="white-space:nowrap"><b>Code</b></td><td><b>Display</b></td><td><b>dateValid</b></td><td><b>dateMaj</b></td><td><b>French (France) (fr)</b></td></tr><tr><td style="white-space:nowrap">01<a name="TRE-R208-ClasseAge-01"> </a></td><td>Nouveau né, jusqu'à 28 jours</td><td>2015-04-08T00:00:00+01:00</td><td>2016-09-01T00:00:00+01:00</td><td>Nouveau né, &lt;= 28 jr</td></tr><tr><td style="white-space:nowrap">02<a name="TRE-R208-ClasseAge-02"> </a></td><td>Nourrisson, avant 2 ans</td><td>2015-04-08T00:00:00+01:00</td><td>2016-09-01T00:00:00+01:00</td><td>Nourrisson, &lt; 2 ans</td></tr><tr><td style="white-space:nowrap">03<a name="TRE-R208-ClasseAge-03"> </a></td><td>Enfant, avant 12 ans</td><td>2015-04-08T00:00:00+01:00</td><td>2016-09-01T00:00:00+01:00</td><td>Enfant, &lt; 12 ans</td></tr><tr><td style="white-space:nowrap">04<a name="TRE-R208-ClasseAge-04"> </a></td><td>Adolescent, avant 16 ans</td><td>2015-04-08T00:00:00+01:00</td><td>2016-09-01T00:00:00+01:00</td><td>Adolescent, &lt; 16 ans</td></tr><tr><td style="white-space:nowrap">05<a name="TRE-R208-ClasseAge-05"> </a></td><td>Jeune adulte, 16-21 ans</td><td>2015-04-08T00:00:00+01:00</td><td>2016-09-01T00:00:00+01:00</td><td>Adulte, 16-21 ans</td></tr><tr><td style="white-space:nowrap">06<a name="TRE-R208-ClasseAge-06"> </a></td><td>Adulte, avant 65 ans</td><td>2015-04-08T00:00:00+01:00</td><td>2016-09-01T00:00:00+01:00</td><td>Adulte, &lt; 65 ans</td></tr><tr><td style="white-space:nowrap">10<a name="TRE-R208-ClasseAge-10"> </a></td><td>Sénior, 65-75 ans</td><td>2016-09-01T00:00:00+01:00</td><td>2016-09-01T00:00:00+01:00</td><td/></tr><tr><td style="white-space:nowrap">11<a name="TRE-R208-ClasseAge-11"> </a></td><td>Sénior, 75 ans et plus</td><td>2016-09-01T00:00:00+01:00</td><td>2016-09-01T00:00:00+01:00</td><td>Sénior, &gt; 75 ans</td></tr></table></div>
  </text>
  <extension url="http://hl7.org/fhir/StructureDefinition/resource-effectivePeriod">
    <valuePeriod>
      <start value="2015-04-08T00:00:00+01:00"/>
    </valuePeriod>
  </extension>
  <url value="https://mos.esante.gouv.fr/NOS/TRE_R208-ClasseAge/FHIR/TRE-R208-ClasseAge"/>
  <identifier>
    <system value="urn:ietf:rfc:3986"/>
    <value value="urn:oid:1.2.250.1.213.3.3.9"/>
  </identifier>
  <version value="0.1.0"/>
  <name value="TRE_R208_ClasseAge"/>
  <status value="active"/>
  <experimental value="false"/>
  <date value="2023-12-15T12:00:00+01:00"/>
  <publisher value="Agence du Numérique en Santé (ANS) - 2-10 Rue d'Oradour-sur-Glane, 75015 Paris"/>
  <contact>
    <name value="Agence du Numérique en Santé (ANS) - 2-10 Rue d'Oradour-sur-Glane, 75015 Paris"/>
    <telecom>
      <system value="url"/>
      <value value="https://esante.gouv.fr"/>
    </telecom>
  </contact>
  <description value="Classe d'âge"/>
  <jurisdiction>
    <coding>
      <system value="urn:iso:std:iso:3166"/>
      <code value="FR"/>
      <display value="FRANCE"/>
    </coding>
  </jurisdiction>
  <caseSensitive value="false"/>
  <content value="complete"/>
  <count value="8"/>
  <property>
    <code value="dateValid"/>
    <description value="date de validité d'un code concept"/>
    <type value="dateTime"/>
  </property>
  <property>
    <code value="dateMaj"/>
    <description value="Date de mise à jour d'un code concept"/>
    <type value="dateTime"/>
  </property>
  <property>
    <code value="dateFin"/>
    <description value="Date de fin d'exploitation d'un code concept"/>
    <type value="dateTime"/>
  </property>
  <concept>
    <code value="01"/>
    <display value="Nouveau né, jusqu'à 28 jours"/>
    <designation>
      <language value="fr-FR"/>
      <use>
        <system value="http://snomed.info/sct"/>
        <code value="900000000000013009"/>
      </use>
      <value value="Nouveau né, &lt;= 28 jr"/>
    </designation>
    <property>
      <code value="dateValid"/>
      <valueDateTime value="2015-04-08T00:00:00+01:00"/>
    </property>
    <property>
      <code value="dateMaj"/>
      <valueDateTime value="2016-09-01T00:00:00+01:00"/>
    </property>
  </concept>
  <concept>
    <code value="02"/>
    <display value="Nourrisson, avant 2 ans"/>
    <designation>
      <language value="fr-FR"/>
      <use>
        <system value="http://snomed.info/sct"/>
        <code value="900000000000013009"/>
      </use>
      <value value="Nourrisson, &lt; 2 ans"/>
    </designation>
    <property>
      <code value="dateValid"/>
      <valueDateTime value="2015-04-08T00:00:00+01:00"/>
    </property>
    <property>
      <code value="dateMaj"/>
      <valueDateTime value="2016-09-01T00:00:00+01:00"/>
    </property>
  </concept>
  <concept>
    <code value="03"/>
    <display value="Enfant, avant 12 ans"/>
    <designation>
      <language value="fr-FR"/>
      <use>
        <system value="http://snomed.info/sct"/>
        <code value="900000000000013009"/>
      </use>
      <value value="Enfant, &lt; 12 ans"/>
    </designation>
    <property>
      <code value="dateValid"/>
      <valueDateTime value="2015-04-08T00:00:00+01:00"/>
    </property>
    <property>
      <code value="dateMaj"/>
      <valueDateTime value="2016-09-01T00:00:00+01:00"/>
    </property>
  </concept>
  <concept>
    <code value="04"/>
    <display value="Adolescent, avant 16 ans"/>
    <designation>
      <language value="fr-FR"/>
      <use>
        <system value="http://snomed.info/sct"/>
        <code value="900000000000013009"/>
      </use>
      <value value="Adolescent, &lt; 16 ans"/>
    </designation>
    <property>
      <code value="dateValid"/>
      <valueDateTime value="2015-04-08T00:00:00+01:00"/>
    </property>
    <property>
      <code value="dateMaj"/>
      <valueDateTime value="2016-09-01T00:00:00+01:00"/>
    </property>
  </concept>
  <concept>
    <code value="05"/>
    <display value="Jeune adulte, 16-21 ans"/>
    <designation>
      <language value="fr-FR"/>
      <use>
        <system value="http://snomed.info/sct"/>
        <code value="900000000000013009"/>
      </use>
      <value value="Adulte, 16-21 ans"/>
    </designation>
    <property>
      <code value="dateValid"/>
      <valueDateTime value="2015-04-08T00:00:00+01:00"/>
    </property>
    <property>
      <code value="dateMaj"/>
      <valueDateTime value="2016-09-01T00:00:00+01:00"/>
    </property>
  </concept>
  <concept>
    <code value="06"/>
    <display value="Adulte, avant 65 ans"/>
    <designation>
      <language value="fr-FR"/>
      <use>
        <system value="http://snomed.info/sct"/>
        <code value="900000000000013009"/>
      </use>
      <value value="Adulte, &lt; 65 ans"/>
    </designation>
    <property>
      <code value="dateValid"/>
      <valueDateTime value="2015-04-08T00:00:00+01:00"/>
    </property>
    <property>
      <code value="dateMaj"/>
      <valueDateTime value="2016-09-01T00:00:00+01:00"/>
    </property>
  </concept>
  <concept>
    <code value="10"/>
    <display value="Sénior, 65-75 ans"/>
    <property>
      <code value="dateValid"/>
      <valueDateTime value="2016-09-01T00:00:00+01:00"/>
    </property>
    <property>
      <code value="dateMaj"/>
      <valueDateTime value="2016-09-01T00:00:00+01:00"/>
    </property>
  </concept>
  <concept>
    <code value="11"/>
    <display value="Sénior, 75 ans et plus"/>
    <designation>
      <language value="fr-FR"/>
      <use>
        <system value="http://snomed.info/sct"/>
        <code value="900000000000013009"/>
      </use>
      <value value="Sénior, &gt; 75 ans"/>
    </designation>
    <property>
      <code value="dateValid"/>
      <valueDateTime value="2016-09-01T00:00:00+01:00"/>
    </property>
    <property>
      <code value="dateMaj"/>
      <valueDateTime value="2016-09-01T00:00:00+01:00"/>
    </property>
  </concept>
</CodeSystem>