{
  "codeSystems" : [
    {
      "url" : "http://hl7.org/fhir/uv/ips/CodeSystem/absent-unknown-uv-ips",
      "version" : "1.1.0",
      "status" : "active",
      "name" : "AbsentAndUnknownDataUvIps",
      "title" : "Absent and Unknown Data - IPS",
      "description" : "International Patient Summary (IPS) codes for \"known absent\" and \"not known\" data.",
      "uses" : {
      },
      "ValueSet-1.2.250.1.213.1.1.5.661.html" : "JDV_AbsentOrUnknownAllergy_CISIS"
    },
    {
      "url" : "https://mos.esante.gouv.fr/NOS/TRE_R208-ClasseAge/FHIR/TRE-R208-ClasseAge",
      "version" : "0.1.0",
      "status" : "active",
      "name" : "TRE_R208_ClasseAge",
      "title" : null,
      "description" : "Classe d'âge",
      "oids" : ["1.2.250.1.213.3.3.9"],
      "uses" : {
      },
      "ValueSet-JDV-J15-ClasseAge-ROR.html" : "JDV_J15_ClasseAge_ROR"
    }
  ]
}
