{
  "resourceType" : "Bundle",
  "id" : "25253866-7b4d-40fe-bf4d-755574cb336b",
  "meta" : {
    "lastUpdated" : "2025-03-17T12:36:41.356+00:00"
  },
  "type" : "collection",
  "entry" : [{
    "fullUrl" : "https://interop.esante.gouv.fr/ig/fhir/ig-test/ValueSet/1.2.250.1.213.1.1.5.661",
    "resource" : {
      "resourceType" : "ValueSet",
      "meta" : {
        "versionId" : "4",
        "lastUpdated" : "2024-12-19T05:02:07.462+00:00",
        "profile" : ["http://hl7.org/fhir/StructureDefinition/shareablevalueset"]
      },
      "language" : "fr-FR",
      "text" : {
        "status" : "generated",
        "div" : "<div xmlns=\"http://www.w3.org/1999/xhtml\" xml:lang=\"fr-FR\" lang=\"fr-FR\"><p class=\"res-header-id\"><b>ValueSet </b></p><p style=\"border: black 1px dotted; background-color: #EEEEEE; padding: 8px; margin-bottom: 8px\">Expansion performed internally based on <a href=\"http://hl7.org/fhir/uv/ips/STU1.1/CodeSystem-absent-unknown-uv-ips.html\">codesystem Absent and Unknown Data - IPS v1.1.0 (CodeSystem)</a></p><p>Ce jeu de valeur (ValueSet) contient 5 concepts</p><table class=\"codes\"><tr><td style=\"white-space:nowrap\"><b>Code</b></td><td><b>Système</b></td><td><b>Display (fr-FR)</b></td><td><b>Définition</b></td></tr><tr><td style=\"white-space:nowrap\"><a name=\"x-http://hl7.org/fhir/uv/ips/CodeSystem/absent-unknown-uv-ips-no-allergy-info\"> </a>\u00a0\u00a0<a href=\"http://hl7.org/fhir/uv/ips/STU1.1/CodeSystem-absent-unknown-uv-ips.html#absent-unknown-uv-ips-no-allergy-info\">no-allergy-info</a></td><td>http://hl7.org/fhir/uv/ips/CodeSystem/absent-unknown-uv-ips</td><td>Pas d’information sur les allergies/hypersensibilités</td><td><div><p>There is no information available regarding the subject's allergy conditions.</p>\n</div></td></tr><tr><td style=\"white-space:nowrap\"><a name=\"x-http://hl7.org/fhir/uv/ips/CodeSystem/absent-unknown-uv-ips-no-known-allergies\"> </a>\u00a0\u00a0<a href=\"http://hl7.org/fhir/uv/ips/STU1.1/CodeSystem-absent-unknown-uv-ips.html#absent-unknown-uv-ips-no-known-allergies\">no-known-allergies</a></td><td>http://hl7.org/fhir/uv/ips/CodeSystem/absent-unknown-uv-ips</td><td>Pas d'allergie/hypersensibilité connue</td><td><div><p>The subject has no known allergy conditions.</p>\n</div></td></tr><tr><td style=\"white-space:nowrap\"><a name=\"x-http://hl7.org/fhir/uv/ips/CodeSystem/absent-unknown-uv-ips-no-known-medication-allergies\"> </a>\u00a0\u00a0<a href=\"http://hl7.org/fhir/uv/ips/STU1.1/CodeSystem-absent-unknown-uv-ips.html#absent-unknown-uv-ips-no-known-medication-allergies\">no-known-medication-allergies</a></td><td>http://hl7.org/fhir/uv/ips/CodeSystem/absent-unknown-uv-ips</td><td>Pas d'allergie médicamenteuse connue</td><td><div><p>The subject has no known medication allergy conditions.</p>\n</div></td></tr><tr><td style=\"white-space:nowrap\"><a name=\"x-http://hl7.org/fhir/uv/ips/CodeSystem/absent-unknown-uv-ips-no-known-environmental-allergies\"> </a>\u00a0\u00a0<a href=\"http://hl7.org/fhir/uv/ips/STU1.1/CodeSystem-absent-unknown-uv-ips.html#absent-unknown-uv-ips-no-known-environmental-allergies\">no-known-environmental-allergies</a></td><td>http://hl7.org/fhir/uv/ips/CodeSystem/absent-unknown-uv-ips</td><td>Pas d'allergie environnementale connue</td><td><div><p>The subject has no known environmental allergy conditions.</p>\n</div></td></tr><tr><td style=\"white-space:nowrap\"><a name=\"x-http://hl7.org/fhir/uv/ips/CodeSystem/absent-unknown-uv-ips-no-known-food-allergies\"> </a>\u00a0\u00a0<a href=\"http://hl7.org/fhir/uv/ips/STU1.1/CodeSystem-absent-unknown-uv-ips.html#absent-unknown-uv-ips-no-known-food-allergies\">no-known-food-allergies</a></td><td>http://hl7.org/fhir/uv/ips/CodeSystem/absent-unknown-uv-ips</td><td>Pas d'allergie alimentaire connue</td><td><div><p>The subject has no known food allergy conditions.</p>\n</div></td></tr></table></div>"
      },
      "url" : "https://interop.esante.gouv.fr/ig/fhir/ig-test/ValueSet/1.2.250.1.213.1.1.5.661",
      "identifier" : [{
        "system" : "urn:ietf:rfc:3986",
        "value" : "urn:oid:1.2.250.1.213.1.1.5.661"
      }],
      "version" : "0.1.0",
      "name" : "JDV_AbsentOrUnknownAllergy_CISIS",
      "title" : "JDV_AbsentOrUnknownAllergy_CISIS",
      "status" : "active",
      "experimental" : false,
      "date" : "2021-12-22T00:00:00+01:00",
      "jurisdiction" : [{
        "coding" : [{
          "system" : "urn:iso:std:iso:3166",
          "code" : "FR",
          "display" : "FRANCE"
        }]
      }],
      "expansion" : {
        "identifier" : "urn:uuid:9ceaa01b-52f2-49a7-b3a6-bbb2e81298f8",
        "timestamp" : "2025-03-17T12:36:53+00:00",
        "total" : 5,
        "offset" : 0,
        "parameter" : [{
          "name" : "displayLanguage",
          "valueCode" : "fr-FR"
        },
        {
          "name" : "count",
          "valueInteger" : 1000
        },
        {
          "name" : "offset",
          "valueInteger" : 0
        },
        {
          "name" : "excludeNested",
          "valueBoolean" : false
        },
        {
          "name" : "used-codesystem",
          "valueUri" : "http://hl7.org/fhir/uv/ips/CodeSystem/absent-unknown-uv-ips|1.1.0"
        }],
        "contains" : [{
          "system" : "http://hl7.org/fhir/uv/ips/CodeSystem/absent-unknown-uv-ips",
          "code" : "no-allergy-info",
          "display" : "Pas d’information sur les allergies/hypersensibilités"
        },
        {
          "system" : "http://hl7.org/fhir/uv/ips/CodeSystem/absent-unknown-uv-ips",
          "code" : "no-known-allergies",
          "display" : "Pas d'allergie/hypersensibilité connue"
        },
        {
          "system" : "http://hl7.org/fhir/uv/ips/CodeSystem/absent-unknown-uv-ips",
          "code" : "no-known-medication-allergies",
          "display" : "Pas d'allergie médicamenteuse connue"
        },
        {
          "system" : "http://hl7.org/fhir/uv/ips/CodeSystem/absent-unknown-uv-ips",
          "code" : "no-known-environmental-allergies",
          "display" : "Pas d'allergie environnementale connue"
        },
        {
          "system" : "http://hl7.org/fhir/uv/ips/CodeSystem/absent-unknown-uv-ips",
          "code" : "no-known-food-allergies",
          "display" : "Pas d'allergie alimentaire connue"
        }]
      }
    }
  },
  {
    "fullUrl" : "https://mos.esante.gouv.fr/NOS/JDV_J15-ClasseAge-ROR/FHIR/JDV-J15-ClasseAge-ROR",
    "resource" : {
      "resourceType" : "ValueSet",
      "meta" : {
        "versionId" : "3",
        "lastUpdated" : "2024-04-27T05:06:50.688+00:00",
        "profile" : ["http://hl7.org/fhir/StructureDefinition/shareablevalueset"]
      },
      "language" : "fr-FR",
      "text" : {
        "status" : "generated",
        "div" : "<div xmlns=\"http://www.w3.org/1999/xhtml\" xml:lang=\"fr-FR\" lang=\"fr-FR\"><p class=\"res-header-id\"><b>ValueSet </b></p><p style=\"border: black 1px dotted; background-color: #EEEEEE; padding: 8px; margin-bottom: 8px\">Expansion performed internally based on <a href=\"CodeSystem-TRE-R208-ClasseAge.html\">codesystem TRE_R208_ClasseAge v0.1.0 (CodeSystem)</a></p><p>Ce jeu de valeur (ValueSet) contient 8 concepts</p><table class=\"codes\"><tr><td style=\"white-space:nowrap\"><b>Code</b></td><td><b>Système</b></td><td><b>Display (fr-FR)</b> - French (France) (fr)</td></tr><tr><td style=\"white-space:nowrap\"><a name=\"x-https://mos.esante.gouv.fr/NOS/TRE_R208-ClasseAge/FHIR/TRE-R208-ClasseAge-01\"> </a>\u00a0\u00a0<a href=\"CodeSystem-TRE-R208-ClasseAge.html#TRE-R208-ClasseAge-01\">01</a></td><td>https://mos.esante.gouv.fr/NOS/TRE_R208-ClasseAge/FHIR/TRE-R208-ClasseAge</td><td>Nouveau né, jusqu'à 28 jours</td></tr><tr><td style=\"white-space:nowrap\"><a name=\"x-https://mos.esante.gouv.fr/NOS/TRE_R208-ClasseAge/FHIR/TRE-R208-ClasseAge-02\"> </a>\u00a0\u00a0<a href=\"CodeSystem-TRE-R208-ClasseAge.html#TRE-R208-ClasseAge-02\">02</a></td><td>https://mos.esante.gouv.fr/NOS/TRE_R208-ClasseAge/FHIR/TRE-R208-ClasseAge</td><td>Nourrisson, avant 2 ans</td></tr><tr><td style=\"white-space:nowrap\"><a name=\"x-https://mos.esante.gouv.fr/NOS/TRE_R208-ClasseAge/FHIR/TRE-R208-ClasseAge-03\"> </a>\u00a0\u00a0<a href=\"CodeSystem-TRE-R208-ClasseAge.html#TRE-R208-ClasseAge-03\">03</a></td><td>https://mos.esante.gouv.fr/NOS/TRE_R208-ClasseAge/FHIR/TRE-R208-ClasseAge</td><td>Enfant, avant 12 ans</td></tr><tr><td style=\"white-space:nowrap\"><a name=\"x-https://mos.esante.gouv.fr/NOS/TRE_R208-ClasseAge/FHIR/TRE-R208-ClasseAge-04\"> </a>\u00a0\u00a0<a href=\"CodeSystem-TRE-R208-ClasseAge.html#TRE-R208-ClasseAge-04\">04</a></td><td>https://mos.esante.gouv.fr/NOS/TRE_R208-ClasseAge/FHIR/TRE-R208-ClasseAge</td><td>Adolescent, avant 16 ans</td></tr><tr><td style=\"white-space:nowrap\"><a name=\"x-https://mos.esante.gouv.fr/NOS/TRE_R208-ClasseAge/FHIR/TRE-R208-ClasseAge-05\"> </a>\u00a0\u00a0<a href=\"CodeSystem-TRE-R208-ClasseAge.html#TRE-R208-ClasseAge-05\">05</a></td><td>https://mos.esante.gouv.fr/NOS/TRE_R208-ClasseAge/FHIR/TRE-R208-ClasseAge</td><td>Jeune adulte, 16-21 ans</td></tr><tr><td style=\"white-space:nowrap\"><a name=\"x-https://mos.esante.gouv.fr/NOS/TRE_R208-ClasseAge/FHIR/TRE-R208-ClasseAge-06\"> </a>\u00a0\u00a0<a href=\"CodeSystem-TRE-R208-ClasseAge.html#TRE-R208-ClasseAge-06\">06</a></td><td>https://mos.esante.gouv.fr/NOS/TRE_R208-ClasseAge/FHIR/TRE-R208-ClasseAge</td><td>Adulte, avant 65 ans</td></tr><tr><td style=\"white-space:nowrap\"><a name=\"x-https://mos.esante.gouv.fr/NOS/TRE_R208-ClasseAge/FHIR/TRE-R208-ClasseAge-10\"> </a>\u00a0\u00a0<a href=\"CodeSystem-TRE-R208-ClasseAge.html#TRE-R208-ClasseAge-10\">10</a></td><td>https://mos.esante.gouv.fr/NOS/TRE_R208-ClasseAge/FHIR/TRE-R208-ClasseAge</td><td>Sénior, 65-75 ans</td></tr><tr><td style=\"white-space:nowrap\"><a name=\"x-https://mos.esante.gouv.fr/NOS/TRE_R208-ClasseAge/FHIR/TRE-R208-ClasseAge-11\"> </a>\u00a0\u00a0<a href=\"CodeSystem-TRE-R208-ClasseAge.html#TRE-R208-ClasseAge-11\">11</a></td><td>https://mos.esante.gouv.fr/NOS/TRE_R208-ClasseAge/FHIR/TRE-R208-ClasseAge</td><td>Sénior, 75 ans et plus</td></tr></table></div>"
      },
      "url" : "https://mos.esante.gouv.fr/NOS/JDV_J15-ClasseAge-ROR/FHIR/JDV-J15-ClasseAge-ROR",
      "identifier" : [{
        "system" : "urn:ietf:rfc:3986",
        "value" : "urn:oid:1.2.250.1.213.3.4.3"
      }],
      "version" : "0.1.0",
      "name" : "JDV_J15_ClasseAge_ROR",
      "status" : "active",
      "experimental" : false,
      "date" : "2020-04-24T12:00:00+01:00",
      "jurisdiction" : [{
        "coding" : [{
          "system" : "urn:iso:std:iso:3166",
          "code" : "FR",
          "display" : "FRANCE"
        }]
      }],
      "expansion" : {
        "identifier" : "urn:uuid:60394ab1-e086-4e1e-b063-c655dc802829",
        "timestamp" : "2025-03-17T12:36:53+00:00",
        "total" : 8,
        "offset" : 0,
        "parameter" : [{
          "name" : "displayLanguage",
          "valueCode" : "fr-FR"
        },
        {
          "name" : "count",
          "valueInteger" : 1000
        },
        {
          "name" : "offset",
          "valueInteger" : 0
        },
        {
          "name" : "excludeNested",
          "valueBoolean" : false
        },
        {
          "name" : "used-codesystem",
          "valueUri" : "https://mos.esante.gouv.fr/NOS/TRE_R208-ClasseAge/FHIR/TRE-R208-ClasseAge|0.1.0"
        }],
        "contains" : [{
          "system" : "https://mos.esante.gouv.fr/NOS/TRE_R208-ClasseAge/FHIR/TRE-R208-ClasseAge",
          "code" : "01",
          "display" : "Nouveau né, jusqu'à 28 jours"
        },
        {
          "system" : "https://mos.esante.gouv.fr/NOS/TRE_R208-ClasseAge/FHIR/TRE-R208-ClasseAge",
          "code" : "02",
          "display" : "Nourrisson, avant 2 ans"
        },
        {
          "system" : "https://mos.esante.gouv.fr/NOS/TRE_R208-ClasseAge/FHIR/TRE-R208-ClasseAge",
          "code" : "03",
          "display" : "Enfant, avant 12 ans"
        },
        {
          "system" : "https://mos.esante.gouv.fr/NOS/TRE_R208-ClasseAge/FHIR/TRE-R208-ClasseAge",
          "code" : "04",
          "display" : "Adolescent, avant 16 ans"
        },
        {
          "system" : "https://mos.esante.gouv.fr/NOS/TRE_R208-ClasseAge/FHIR/TRE-R208-ClasseAge",
          "code" : "05",
          "display" : "Jeune adulte, 16-21 ans"
        },
        {
          "system" : "https://mos.esante.gouv.fr/NOS/TRE_R208-ClasseAge/FHIR/TRE-R208-ClasseAge",
          "code" : "06",
          "display" : "Adulte, avant 65 ans"
        },
        {
          "system" : "https://mos.esante.gouv.fr/NOS/TRE_R208-ClasseAge/FHIR/TRE-R208-ClasseAge",
          "code" : "10",
          "display" : "Sénior, 65-75 ans"
        },
        {
          "system" : "https://mos.esante.gouv.fr/NOS/TRE_R208-ClasseAge/FHIR/TRE-R208-ClasseAge",
          "code" : "11",
          "display" : "Sénior, 75 ans et plus"
        }]
      }
    }
  }]
}